{
    "5": {
        "cat_acc": [
            0.8571428571428571,
            0.0,
            0.0,
            0.0,
            0.0,
            0.0,
            0.25,
            0.5263157894736842,
            0.375,
            0.0,
            0.7142857142857143,
            0.9473684210526315,
            0.125,
            0.0,
            0.0,
            0.0,
            0.2857142857142857,
            0.038461538461538464,
            0.0,
            0.0,
            0.75,
            0.0
        ],
        "categories": [
            "Adenovirus",
            "Astrovirus",
            "CCHF",
            "Cowpox",
            "Dengue",
            "Ebola",
            "Guanarito",
            "Influenza",
            "LCM",
            "Lassa",
            "Machupo",
            "Marburg",
            "Nipah virus",
            "Norovirus",
            "Orf",
            "Papilloma",
            "Pseudocowpox",
            "Rift Valley",
            "Rotavirus",
            "Sapovirus",
            "TBE",
            "WestNile"
        ],
        "total_acc": 0.22133130027866868
    },
    "10": {
        "cat_acc": [
            0.0,
            0.0,
            0.0,
            0.0,
            0.0,
            0.36363636363636365,
            0.25,
            0.7894736842105263,
            0.75,
            0.14285714285714285,
            0.8571428571428571,
            0.9473684210526315,
            0.25,
            0.0,
            0.23076923076923078,
            0.0,
            0.2857142857142857,
            0.038461538461538464,
            0.0,
            0.0,
            0.75,
            0.0
        ],
        "categories": [
            "Adenovirus",
            "Astrovirus",
            "CCHF",
            "Cowpox",
            "Dengue",
            "Ebola",
            "Guanarito",
            "Influenza",
            "LCM",
            "Lassa",
            "Machupo",
            "Marburg",
            "Nipah virus",
            "Norovirus",
            "Orf",
            "Papilloma",
            "Pseudocowpox",
            "Rift Valley",
            "Rotavirus",
            "Sapovirus",
            "TBE",
            "WestNile"
        ],
        "total_acc": 0.25706470562929895
    },
    "15": {
        "cat_acc": [
            0.0,
            0.0,
            0.0,
            0.0,
            0.0,
            0.36363636363636365,
            0.5,
            0.7368421052631579,
            0.75,
            0.09523809523809523,
            0.8571428571428571,
            0.9473684210526315,
            0.125,
            0.0,
            0.7692307692307693,
            0.0,
            0.2857142857142857,
            0.038461538461538464,
            0.0,
            0.0,
            0.75,
            0.0
        ],
        "categories": [
            "Adenovirus",
            "Astrovirus",
            "CCHF",
            "Cowpox",
            "Dengue",
            "Ebola",
            "Guanarito",
            "Influenza",
            "LCM",
            "Lassa",
            "Machupo",
            "Marburg",
            "Nipah virus",
            "Norovirus",
            "Orf",
            "Papilloma",
            "Pseudocowpox",
            "Rift Valley",
            "Rotavirus",
            "Sapovirus",
            "TBE",
            "WestNile"
        ],
        "total_acc": 0.2826652016245318
    },
    "20": {
        "cat_acc": [
            0.0,
            0.0,
            0.06666666666666667,
            0.4,
            0.0,
            0.36363636363636365,
            0.5,
            0.8421052631578947,
            0.75,
            0.047619047619047616,
            0.8571428571428571,
            0.9473684210526315,
            0.125,
            0.0,
            0.8461538461538461,
            0.5,
            0.0,
            0.0,
            0.0,
            0.0,
            0.75,
            0.0
        ],
        "categories": [
            "Adenovirus",
            "Astrovirus",
            "CCHF",
            "Cowpox",
            "Dengue",
            "Ebola",
            "Guanarito",
            "Influenza",
            "LCM",
            "Lassa",
            "Machupo",
            "Marburg",
            "Nipah virus",
            "Norovirus",
            "Orf",
            "Papilloma",
            "Pseudocowpox",
            "Rift Valley",
            "Rotavirus",
            "Sapovirus",
            "TBE",
            "WestNile"
        ],
        "total_acc": 0.3179860211558776
    },
    "25": {
        "cat_acc": [
            0.0,
            0.0,
            0.0,
            0.5,
            0.0,
            0.36363636363636365,
            0.5,
            0.7894736842105263,
            0.75,
            0.047619047619047616,
            0.8571428571428571,
            0.9473684210526315,
            0.125,
            0.0,
            0.8461538461538461,
            0.5,
            0.14285714285714285,
            0.0,
            0.0,
            0.0,
            0.625,
            0.0
        ],
        "categories": [
            "Adenovirus",
            "Astrovirus",
            "CCHF",
            "Cowpox",
            "Dengue",
            "Ebola",
            "Guanarito",
            "Influenza",
            "LCM",
            "Lassa",
            "Machupo",
            "Marburg",
            "Nipah virus",
            "Norovirus",
            "Orf",
            "Papilloma",
            "Pseudocowpox",
            "Rift Valley",
            "Rotavirus",
            "Sapovirus",
            "TBE",
            "WestNile"
        ],
        "total_acc": 0.3179205164851098
    },
    "30": {
        "cat_acc": [
            0.0,
            0.0,
            0.0,
            0.5,
            0.0,
            0.36363636363636365,
            0.5,
            0.8421052631578947,
            0.75,
            0.09523809523809523,
            0.8571428571428571,
            0.9473684210526315,
            0.125,
            0.0,
            0.8461538461538461,
            0.5,
            0.14285714285714285,
            0.0,
            0.0,
            0.0,
            0.625,
            0.0
        ],
        "categories": [
            "Adenovirus",
            "Astrovirus",
            "CCHF",
            "Cowpox",
            "Dengue",
            "Ebola",
            "Guanarito",
            "Influenza",
            "LCM",
            "Lassa",
            "Machupo",
            "Marburg",
            "Nipah virus",
            "Norovirus",
            "Orf",
            "Papilloma",
            "Pseudocowpox",
            "Rift Valley",
            "Rotavirus",
            "Sapovirus",
            "TBE",
            "WestNile"
        ],
        "total_acc": 0.3224773631472196
    },
    "35": {
        "cat_acc": [
            0.0,
            0.0,
            0.0,
            0.5,
            0.0,
            0.36363636363636365,
            0.5,
            0.9473684210526315,
            0.75,
            0.047619047619047616,
            0.8571428571428571,
            0.9473684210526315,
            0.125,
            0.0,
            0.8461538461538461,
            0.5,
            0.14285714285714285,
            0.0,
            0.0,
            0.0,
            0.625,
            0.0
        ],
        "categories": [
            "Adenovirus",
            "Astrovirus",
            "CCHF",
            "Cowpox",
            "Dengue",
            "Ebola",
            "Guanarito",
            "Influenza",
            "LCM",
            "Lassa",
            "Machupo",
            "Marburg",
            "Nipah virus",
            "Norovirus",
            "Orf",
            "Papilloma",
            "Pseudocowpox",
            "Rift Valley",
            "Rotavirus",
            "Sapovirus",
            "TBE",
            "WestNile"
        ],
        "total_acc": 0.3250975499779327
    },