{
    "5": {
        "cat_acc": [
            0.8571428571428571,
            0.0,
            0.13333333333333333,
            0.0,
            0.0,
            0.0,
            0.25,
            0.5263157894736842,
            0.625,
            0.09523809523809523,
            0.8571428571428571,
            0.8421052631578947,
            0.375,
            0.0,
            0.0,
            0.0,
            0.14285714285714285,
            0.07692307692307693,
            0.0,
            0.0,
            1.0,
            0.5
        ],
        "categories": [
            "Adenovirus",
            "Astrovirus",
            "CCHF",
            "Cowpox",
            "Dengue",
            "Ebola",
            "Guanarito",
            "Influenza",
            "LCM",
            "Lassa",
            "Machupo",
            "Marburg",
            "Nipah virus",
            "Norovirus",
            "Orf",
            "Papilloma",
            "Pseudocowpox",
            "Rift Valley",
            "Rotavirus",
            "Sapovirus",
            "TBE",
            "WestNile"
        ],
        "total_acc": 0.28550265523949736
    },
    "10": {
        "cat_acc": [
            0.0,
            0.0,
            0.0,
            0.1,
            0.0,
            0.36363636363636365,
            0.75,
            0.7368421052631579,
            0.625,
            0.09523809523809523,
            0.8571428571428571,
            0.9473684210526315,
            0.375,
            0.0,
            0.5384615384615384,
            0.0,
            0.14285714285714285,
            0.07692307692307693,
            0.0,
            0.0,
            0.875,
            0.5
        ],
        "categories": [
            "Adenovirus",
            "Astrovirus",
            "CCHF",
            "Cowpox",
            "Dengue",
            "Ebola",
            "Guanarito",
            "Influenza",
            "LCM",
            "Lassa",
            "Machupo",
            "Marburg",
            "Nipah virus",
            "Norovirus",
            "Orf",
            "Papilloma",
            "Pseudocowpox",
            "Rift Valley",
            "Rotavirus",
            "Sapovirus",
            "TBE",
            "WestNile"
        ],
        "total_acc": 0.31743043638976653
    },
    "15": {
        "cat_acc": [
            0.0,
            0.0,
            0.06666666666666667,
            0.6,
            0.0,
            0.36363636363636365,
            0.75,
            0.7368421052631579,
            0.5,
            0.047619047619047616,
            0.8571428571428571,
            0.9473684210526315,
            0.375,
            0.0,
            0.6923076923076923,
            0.6666666666666666,
            0.14285714285714285,
            0.07692307692307693,
            0.0,
            0.0,
            0.875,
            0.5
        ],
        "categories": [
            "Adenovirus",
            "Astrovirus",
            "CCHF",
            "Cowpox",
            "Dengue",
            "Ebola",
            "Guanarito",
            "Influenza",
            "LCM",
            "Lassa",
            "Machupo",
            "Marburg",
            "Nipah virus",
            "Norovirus",
            "Orf",
            "Papilloma",
            "Pseudocowpox",
            "Rift Valley",
            "Rotavirus",
            "Sapovirus",
            "TBE",
            "WestNile"
        ],
        "total_acc": 0.3726377290970593
    },
    "20": {
        "cat_acc": [
            0.0,
            0.0,
            0.06666666666666667,
            0.6,
            0.0,
            0.36363636363636365,
            0.25,
            0.7894736842105263,
            0.5,
            0.047619047619047616,
            1.0,
            0.9473684210526315,
            0.5,
            0.0,
            0.7692307692307693,
            0.6666666666666666,
            0.14285714285714285,
            0.07692307692307693,
            0.0,
            0.0,
            0.875,
            0.5
        ],
        "categories": [
            "Adenovirus",
            "Astrovirus",
            "CCHF",
            "Cowpox",
            "Dengue",
            "Ebola",
            "Guanarito",
            "Influenza",
            "LCM",
            "Lassa",
            "Machupo",
            "Marburg",
            "Nipah virus",
            "Norovirus",
            "Orf",
            "Papilloma",
            "Pseudocowpox",
            "Rift Valley",
            "Rotavirus",
            "Sapovirus",
            "TBE",
            "WestNile"
        ],
        "total_acc": 0.36797462903922235
    },
    "25": {
        "cat_acc": [
            0.0,
            0.0,
            0.4,
            0.6,
            0.0,
            0.36363636363636365,
            0.75,
            0.7894736842105263,
            0.625,
            0.047619047619047616,
            1.0,
            0.9473684210526315,
            0.625,
            0.0,
            0.7692307692307693,
            0.6666666666666666,
            0.14285714285714285,
            0.07692307692307693,
            0.0,
            0.0,
            1.0,
            0.5
        ],
        "categories": [
            "Adenovirus",
            "Astrovirus",
            "CCHF",
            "Cowpox",
            "Dengue",
            "Ebola",
            "Guanarito",
            "Influenza",
            "LCM",
            "Lassa",
            "Machupo",
            "Marburg",
            "Nipah virus",
            "Norovirus",
            "Orf",
            "Papilloma",
            "Pseudocowpox",
            "Rift Valley",
            "Rotavirus",
            "Sapovirus",
            "TBE",
            "WestNile"
        ],
        "total_acc": 0.4228988714634648
    },
    "30": {
        "cat_acc": [
            0.07142857142857142,
            0.0,
            0.4666666666666667,
            0.6,
            0.0,
            0.36363636363636365,
            0.25,
            0.9473684210526315,
            0.625,
            0.09523809523809523,
            1.0,
            0.9473684210526315,
            0.625,
            0.0,
            0.7692307692307693,
            0.6666666666666666,
            0.14285714285714285,
            0.038461538461538464,
            0.0,
            0.0,
            1.0,
            0.5
        ],
        "categories": [
            "Adenovirus",
            "Astrovirus",
            "CCHF",
            "Cowpox",
            "Dengue",
            "Ebola",
            "Guanarito",
            "Influenza",
            "LCM",
            "Lassa",
            "Machupo",
            "Marburg",
            "Nipah virus",
            "Norovirus",
            "Orf",
            "Papilloma",
            "Pseudocowpox",
            "Rift Valley",
            "Rotavirus",
            "Sapovirus",
            "TBE",
            "WestNile"
        ],
        "total_acc": 0.4140419389223217
    },
    "35": {
        "cat_acc": [
            0.07142857142857142,
            0.06666666666666667,
            0.5333333333333333,
            0.6,
            0.0,
            0.36363636363636365,
            0.25,
            0.9473684210526315,
            0.5,
            0.09523809523809523,
            1.0,
            1.0,
            0.625,
            0.0,
            0.7692307692307693,
            0.6666666666666666,
            0.14285714285714285,
            0.038461538461538464,
            0.0,
            0.0,
            1.0,
            0.5
        ],