{
    "5": {
        "cat_acc": [
            0.8571428571428571,
            0.06666666666666667,
            0.0,
            0.1,
            0.0,
            0.0,
            0.5,
            0.5789473684210527,
            0.75,
            0.14285714285714285,
            0.7142857142857143,
            0.9473684210526315,
            0.0,
            0.0,
            0.0,
            0.0,
            0.14285714285714285,
            0.0,
            0.0,
            0.0,
            0.5,
            0.0
        ],
        "categories": [
            "Adenovirus",
            "Astrovirus",
            "CCHF",
            "Cowpox",
            "Dengue",
            "Ebola",
            "Guanarito",
            "Influenza",
            "LCM",
            "Lassa",
            "Machupo",
            "Marburg",
            "Nipah virus",
            "Norovirus",
            "Orf",
            "Papilloma",
            "Pseudocowpox",
            "Rift Valley",
            "Rotavirus",
            "Sapovirus",
            "TBE",
            "WestNile"
        ],
        "total_acc": 0.24091478696741853
    },
    "10": {
        "cat_acc": [
            0.07142857142857142,
            1.0,
            0.06666666666666667,
            0.0,
            0.0,
            0.0,
            0.5,
            0.7894736842105263,
            0.5,
            0.14285714285714285,
            0.5714285714285714,
            0.9473684210526315,
            0.0,
            0.0,
            0.5384615384615384,
            0.0,
            0.0,
            0.0,
            0.0,
            0.0,
            0.75,
            0.0
        ],
        "categories": [
            "Adenovirus",
            "Astrovirus",
            "CCHF",
            "Cowpox",
            "Dengue",
            "Ebola",
            "Guanarito",
            "Influenza",
            "LCM",
            "Lassa",
            "Machupo",
            "Marburg",
            "Nipah virus",
            "Norovirus",
            "Orf",
            "Papilloma",
            "Pseudocowpox",
            "Rift Valley",
            "Rotavirus",
            "Sapovirus",
            "TBE",
            "WestNile"
        ],
        "total_acc": 0.2671674816411658
    },
    "15": {
        "cat_acc": [
            0.9285714285714286,
            0.06666666666666667,
            0.06666666666666667,
            0.5,
            0.0,
            0.0,
            0.75,
            0.8421052631578947,
            0.875,
            0.09523809523809523,
            0.7142857142857143,
            0.9473684210526315,
            0.25,
            0.0,
            0.6153846153846154,
            0.3333333333333333,
            0.14285714285714285,
            0.038461538461538464,
            0.0,
            0.0,
            0.75,
            0.0
        ],
        "categories": [
            "Adenovirus",
            "Astrovirus",
            "CCHF",
            "Cowpox",
            "Dengue",
            "Ebola",
            "Guanarito",
            "Influenza",
            "LCM",
            "Lassa",
            "Machupo",
            "Marburg",
            "Nipah virus",
            "Norovirus",
            "Orf",
            "Papilloma",
            "Pseudocowpox",
            "Rift Valley",
            "Rotavirus",
            "Sapovirus",
            "TBE",
            "WestNile"
        ],
        "total_acc": 0.3598154038943513
    },
    "20": {
        "cat_acc": [
            0.0,
            0.06666666666666667,
            0.06666666666666667,
            0.5,
            0.0,
            0.0,
            0.5,
            0.7894736842105263,
            0.875,
            0.09523809523809523,
            0.5714285714285714,
            1.0,
            0.25,
            1.0,
            0.7692307692307693,
            0.6666666666666666,
            0.14285714285714285,
            0.038461538461538464,
            0.0,
            0.0,
            0.75,
            0.0
        ],
        "categories": [
            "Adenovirus",
            "Astrovirus",
            "CCHF",
            "Cowpox",
            "Dengue",
            "Ebola",
            "Guanarito",
            "Influenza",
            "LCM",
            "Lassa",
            "Machupo",
            "Marburg",
            "Nipah virus",
            "Norovirus",
            "Orf",
            "Papilloma",
            "Pseudocowpox",
            "Rift Valley",
            "Rotavirus",
            "Sapovirus",
            "TBE",
            "WestNile"
        ],
        "total_acc": 0.36734953642848384
    },
    "25": {
        "cat_acc": [
            0.8571428571428571,
            0.06666666666666667,
            0.4,
            0.6,
            0.0,
            0.0,
            0.5,
            0.7894736842105263,
            0.875,
            0.09523809523809523,
            0.42857142857142855,
            1.0,
            0.375,
            0.0,
            0.7692307692307693,
            0.6666666666666666,
            0.14285714285714285,
            0.038461538461538464,
            0.0,
            0.0,
            0.75,
            0.0
        ],
        "categories": [
            "Adenovirus",
            "Astrovirus",
            "CCHF",
            "Cowpox",
            "Dengue",
            "Ebola",
            "Guanarito",
            "Influenza",
            "LCM",
            "Lassa",
            "Machupo",
            "Marburg",
            "Nipah virus",
            "Norovirus",
            "Orf",
            "Papilloma",
            "Pseudocowpox",
            "Rift Valley",
            "Rotavirus",
            "Sapovirus",
            "TBE",
            "WestNile"
        ],
        "total_acc": 0.3797413113202586
    },
    "30": {
        "cat_acc": [
            0.14285714285714285,
            0.9333333333333333,
            0.4,
            0.6,
            0.0,
            0.0,
            0.5,
            0.8947368421052632,
            0.875,
            0.19047619047619047,
            0.42857142857142855,
            0.9473684210526315,
            0.375,
            0.0,
            0.7692307692307693,
            0.6666666666666666,
            0.0,
            0.038461538461538464,
            0.0,
            0.0,
            0.75,
            0.0
        ],
        "categories": [
            "Adenovirus",
            "Astrovirus",
            "CCHF",
            "Cowpox",
            "Dengue",
            "Ebola",
            "Guanarito",
            "Influenza",
            "LCM",
            "Lassa",
            "Machupo",
            "Marburg",
            "Nipah virus",
            "Norovirus",
            "Orf",
            "Papilloma",
            "Pseudocowpox",
            "Rift Valley",
            "Rotavirus",
            "Sapovirus",
            "TBE",
            "WestNile"
        ],
        "total_acc": 0.3868955605797711
    },
    "35": {
        "cat_acc": [
            0.14285714285714285,
            0.06666666666666667,
            0.4,
            0.6,
            0.0,
            0.36363636363636365,
            0.5,
            0.8947368421052632,
            0.875,
            0.19047619047619047,
            0.42857142857142855,
            0.9473684210526315,
            0.375,
            0.0,
            0.7692307692307693,
            0.6666666666666666,
            0.0,
            0.07692307692307693,
            0.0,
            0.0,
            0.75,
            0.0
        ],