{
    "5": {
        "cat_acc": [
            0.8571428571428571,
            0.0,
            0.06666666666666667,
            0.1,
            0.0,
            0.0,
            0.25,
            0.42105263157894735,
            0.5,
            0.047619047619047616,
            0.5714285714285714,
            0.9473684210526315,
            0.25,
            0.0,
            0.0,
            0.0,
            0.14285714285714285,
            0.07692307692307693,
            0.0,
            0.0,
            0.75,
            0.5
        ],
        "categories": [
            "Adenovirus",
            "Astrovirus",
            "CCHF",
            "Cowpox",
            "Dengue",
            "Ebola",
            "Guanarito",
            "Influenza",
            "LCM",
            "Lassa",
            "Machupo",
            "Marburg",
            "Nipah virus",
            "Norovirus",
            "Orf",
            "Papilloma",
            "Pseudocowpox",
            "Rift Valley",
            "Rotavirus",
            "Sapovirus",
            "TBE",
            "WestNile"
        ],
        "total_acc": 0.24913901887586096
    },
    "10": {
        "cat_acc": [
            0.0,
            0.8666666666666667,
            0.0,
            0.1,
            0.0,
            0.0,
            0.75,
            0.5789473684210527,
            0.5,
            0.09523809523809523,
            0.7142857142857143,
            1.0,
            0.25,
            0.0,
            0.7692307692307693,
            0.0,
            0.14285714285714285,
            0.07692307692307693,
            0.0,
            0.0,
            0.625,
            0.5
        ],
        "categories": [
            "Adenovirus",
            "Astrovirus",
            "CCHF",
            "Cowpox",
            "Dengue",
            "Ebola",
            "Guanarito",
            "Influenza",
            "LCM",
            "Lassa",
            "Machupo",
            "Marburg",
            "Nipah virus",
            "Norovirus",
            "Orf",
            "Papilloma",
            "Pseudocowpox",
            "Rift Valley",
            "Rotavirus",
            "Sapovirus",
            "TBE",
            "WestNile"
        ],
        "total_acc": 0.3167794924373872
    },
    "15": {
        "cat_acc": [
            0.8571428571428571,
            0.0,
            0.06666666666666667,
            0.7,
            0.0,
            0.0,
            0.75,
            0.5789473684210527,
            1.0,
            0.047619047619047616,
            0.7142857142857143,
            1.0,
            0.25,
            0.0,
            0.7692307692307693,
            0.6666666666666666,
            0.14285714285714285,
            0.07692307692307693,
            0.0,
            0.0,
            0.625,
            0.5
        ],
        "categories": [
            "Adenovirus",
            "Astrovirus",
            "CCHF",
            "Cowpox",
            "Dengue",
            "Ebola",
            "Guanarito",
            "Influenza",
            "LCM",
            "Lassa",
            "Machupo",
            "Marburg",
            "Nipah virus",
            "Norovirus",
            "Orf",
            "Papilloma",
            "Pseudocowpox",
            "Rift Valley",
            "Rotavirus",
            "Sapovirus",
            "TBE",
            "WestNile"
        ],
        "total_acc": 0.39751542317331795
    },
    "20": {
        "cat_acc": [
            0.8571428571428571,
            0.0,
            0.06666666666666667,
            0.7,
            0.14285714285714285,
            0.0,
            0.75,
            0.5263157894736842,
            0.875,
            0.09523809523809523,
            0.7142857142857143,
            1.0,
            0.25,
            0.0,
            0.7692307692307693,
            0.6666666666666666,
            0.14285714285714285,
            0.07692307692307693,
            0.0,
            0.0,
            0.875,
            0.5
        ],
        "categories": [
            "Adenovirus",
            "Astrovirus",
            "CCHF",
            "Cowpox",
            "Dengue",
            "Ebola",
            "Guanarito",
            "Influenza",
            "LCM",
            "Lassa",
            "Machupo",
            "Marburg",
            "Nipah virus",
            "Norovirus",
            "Orf",
            "Papilloma",
            "Pseudocowpox",
            "Rift Valley",
            "Rotavirus",
            "Sapovirus",
            "TBE",
            "WestNile"
        ],
        "total_acc": 0.40946290551553716
    },
    "25": {
        "cat_acc": [
            0.8571428571428571,
            0.0,
            0.3333333333333333,
            0.7,
            0.14285714285714285,
            0.0,
            0.75,
            0.5263157894736842,
            0.875,
            0.14285714285714285,
            0.7142857142857143,
            1.0,
            0.5,
            0.0,
            0.8461538461538461,
            0.6666666666666666,
            0.14285714285714285,
            0.07692307692307693,
            0.0,
            0.0,
            0.875,
            0.5
        ],
        "categories": [
            "Adenovirus",
            "Astrovirus",
            "CCHF",
            "Cowpox",
            "Dengue",
            "Ebola",
            "Guanarito",
            "Influenza",
            "LCM",
            "Lassa",
            "Machupo",
            "Marburg",
            "Nipah virus",
            "Norovirus",
            "Orf",
            "Papilloma",
            "Pseudocowpox",
            "Rift Valley",
            "Rotavirus",
            "Sapovirus",
            "TBE",
            "WestNile"
        ],
        "total_acc": 0.4386087596613912
    },
    "30": {
        "cat_acc": [
            0.07142857142857142,
            0.8666666666666667,
            0.3333333333333333,
            0.7,
            0.14285714285714285,
            0.0,
            0.75,
            0.6842105263157895,
            0.875,
            0.14285714285714285,
            0.5714285714285714,
            1.0,
            0.5,
            0.0,
            0.8461538461538461,
            0.6666666666666666,
            0.14285714285714285,
            0.07692307692307693,
            0.0,
            0.0,
            0.875,
            0.5
        ],
        "categories": [
            "Adenovirus",
            "Astrovirus",
            "CCHF",
            "Cowpox",
            "Dengue",
            "Ebola",
            "Guanarito",
            "Influenza",
            "LCM",
            "Lassa",
            "Machupo",
            "Marburg",
            "Nipah virus",
            "Norovirus",
            "Orf",
            "Papilloma",
            "Pseudocowpox",
            "Rift Valley",
            "Rotavirus",
            "Sapovirus",
            "TBE",
            "WestNile"
        ],
        "total_acc": 0.4429719403403613
    },
    "35": {
        "cat_acc": [
            0.9285714285714286,
            0.06666666666666667,
            0.3333333333333333,
            0.7,
            0.14285714285714285,
            0.0,
            0.75,
            0.7368421052631579,
            0.625,
            0.14285714285714285,
            0.5714285714285714,
            1.0,
            0.5,
            0.0,
            0.8461538461538461,
            0.6666666666666666,
            0.14285714285714285,
            0.11538461538461539,
            0.0,
            0.0,
            0.875,
            0.5
        ],